"KEGG.id","Entry.type","KEGG.name","p.score"
"dme00062","pathway","Fatty acid elongation - Drosophila melanogast...",0.0142891400669138
"dme00071","pathway","Fatty acid degradation - Drosophila melanogas...",0.0366871145673207
"dme00280","pathway","Valine, leucine and isoleucine degradation - ...",0.0114893932543629
"dme03440","pathway","Homologous recombination - Drosophila melanog...",0.0393868704222805
"dme03460","pathway","Fanconi anemia pathway - Drosophila melanogas...",0.0440864454290623
"dme04150","pathway","mTOR signaling pathway - Drosophila melanogas...",0.0283878650872592
"dme04320","pathway","Dorso-ventral axis formation - Drosophila mel...",0.0208885432679266
"dme04341","pathway","Hedgehog signaling pathway - fly - Drosophila...",0.0393868704222805
"dme04392","pathway","Hippo signaling pathway - multiple species - ...",0.0311876118998101
"dme04745","pathway","Phototransduction - fly - Drosophila melanoga...",0.00888962835699433
"dme04814","pathway","Motor proteins - Drosophila melanogaster (fru...",0.0311876118998101
"M00013","module","Malonate semialdehyde pathway, propanoyl-CoA ...",0.0228883624197487
"M00032","module","Lysine degradation, lysine => saccharopine =>...",0.0256881092322994
"M00036","module","Leucine degradation, leucine => acetoacetate ...",0.0166889230491002
"M00085","module","Fatty acid elongation in mitochondria",0.0333874129668144
"M00086","module","beta-Oxidation, acyl-CoA synthesis",0.0317875576453567
"M00087","module","beta-Oxidation",0.0449863640473823
"M00088","module","Ketone body biosynthesis, acetyl-CoA => aceto...",0.0387869246767338
"M00095","module","C5 isoprenoid biosynthesis, mevalonate pathwa...",0.0382869698887784
"M00119","module","Pantothenate biosynthesis, valine/L-aspartate...",0.0365871236097296
"M00135","module","GABA biosynthesis, eukaryotes, putrescine => ...",0.0364871326521385
"M00849","module","C5 isoprenoid biosynthesis, mevalonate pathwa...",0.0378870060584139
"1.1.1.34","enzyme","hydroxymethylglutaryl-CoA reductase (NADPH)",0.0355872140338186
"1.1.1.59","enzyme","3-hydroxypropionate dehydrogenase",0.0397868342526449
"1.2.1.18","enzyme","malonate-semialdehyde dehydrogenase (acetylat...",0.0225883895469753
"1.2.1.31","enzyme","L-aminoadipate-semialdehyde dehydrogenase",0.0447863821322
"1.3.8.1","enzyme","short-chain acyl-CoA dehydrogenase",0.0278879102993038
"1.3.8.4","enzyme","isovaleryl-CoA dehydrogenase",0.0191886969888778
"1.3.8.5","enzyme","short-chain 2-methylacyl-CoA dehydrogenase",0.0383869608463695
"1.3.8.7","enzyme","medium-chain acyl-CoA dehydrogenase",0.0355872140338186
"1.5.1.8","enzyme","saccharopine dehydrogenase (NADP+, L-lysine-f...",0.0289878108328059
"1.5.1.9","enzyme","saccharopine dehydrogenase (NAD+, L-glutamate...",0.0466862103264309
"2.3.1.137","enzyme","carnitine O-octanoyltransferase",0.0253881363595262
"2.3.1.16","enzyme","acetyl-CoA C-acyltransferase",0.0100895198480875
"2.3.1.168","enzyme","dihydrolipoyllysine-residue (2-methylpropanoy...",0.027187973596166
"2.3.1.176","enzyme","propanoyl-CoA C-acyltransferase",0.0246881996563884
"2.3.1.199","enzyme","very-long-chain 3-oxoacyl-CoA synthase",0.0262880549778461
"2.3.1.21","enzyme","carnitine O-palmitoyltransferase",0.0473861470295687
"2.3.1.250","enzyme","[Wnt protein] O-palmitoleoyl transferase",0.00129031558007051
"2.3.1.7","enzyme","carnitine O-acetyltransferase",0.00548993579889679
"2.3.1.78","enzyme","heparan-alpha-glucosaminide N-acetyltransfera...",0.0336873858395876
"2.3.1.9","enzyme","acetyl-CoA C-acetyltransferase",0.0397868342526449
"2.3.3.10","enzyme","hydroxymethylglutaryl-CoA synthase",0.0109894384664075
"2.6.1.42","enzyme","branched-chain-amino-acid transaminase",0.029087801790397
"2.7.1.36","enzyme","mevalonate kinase",0.034987268288272
"2.7.10.1","enzyme","receptor protein-tyrosine kinase",0.0484860475630708
"2.7.10.2","enzyme","non-specific protein-tyrosine kinase",0.0365871236097296
"2.7.11.1","enzyme","non-specific serine/threonine protein kinase",0.0311876118998101
"2.7.11.10","enzyme","IkappaB kinase",0.0309876299846279
"2.7.11.13","enzyme","protein kinase C",0.0250881634867529
"2.7.11.17","enzyme","Ca2+/calmodulin-dependent protein kinase",0.0287878289176236
"2.7.11.21","enzyme","polo kinase",0.0404867709557826
"2.7.11.22","enzyme","cyclin-dependent kinase",0.0480860837327064
"2.7.11.24","enzyme","mitogen-activated protein kinase",0.0327874672212677
"2.7.11.26","enzyme","tau-protein kinase",0.026188064020255
"2.7.11.30","enzyme","receptor protein serine/threonine kinase",0.0407867438285559
"2.7.11.31","enzyme","[hydroxymethylglutaryl-CoA reductase (NADPH)]...",0.0354872230762275
"2.7.12.2","enzyme","mitogen-activated protein kinase kinase",0.0281878831720771
"2.7.4.2","enzyme","phosphomevalonate kinase",0.0414866805316936
"2.8.3.5","enzyme","3-oxoacid CoA-transferase",0.0101895108056786
"3.1.1.116","enzyme","sn-1-specific diacylglycerol lipase",0.00888962835699433
"3.1.2.4","enzyme","3-hydroxyisobutyryl-CoA hydrolase",0.00918960122976761
"3.1.3.16","enzyme","protein-serine/threonine phosphatase",0.0299877204087169
"3.4.19.12","enzyme","ubiquitinyl hydrolase 1",0.049685939054164
"3.4.21.105","enzyme","rhomboid protease",0.0208885432679266
"3.6.1.77","enzyme","coenzyme A diphosphatase",0.0170888868794647
"4.1.3.4","enzyme","hydroxymethylglutaryl-CoA lyase",0.0313875938149923
"4.2.1.18","enzyme","methylglutaconyl-CoA hydratase",0.0127892757030473
"5.1.99.4","enzyme","alpha-methylacyl-CoA racemase",0.0323875033909033
"5.6.2.1","enzyme","DNA topoisomerase",0.0407867438285559
"6.2.1.1","enzyme","acetate---CoA ligase",0.0434864996835157
"6.2.1.17","enzyme","propionate---CoA ligase",0.0259880821050728
"6.2.1.3","enzyme","long-chain-fatty-acid---CoA ligase",0.0151890586852337
"6.2.1.76","enzyme","malonate---CoA ligase",0.0127892757030473
"6.4.1.4","enzyme","methylcrotonoyl-CoA carboxylase",0.021288507098291
"R00230","reaction","acetyl-CoA:phosphate acetyltransferase",0.0151890586852337
"R00233","reaction","malonyl-CoA carboxy-lyase (acetyl-CoA-forming...",0.0201886065647889
"R00235","reaction","acetate:CoA ligase (AMP-forming)",0.0299877204087169
"R00236","reaction","acetyl adenylate:CoA acetyltransferase",0.00918960122976761
"R00238","reaction","acetyl-CoA:acetyl-CoA C-acetyltransferase",0.00878963739940324
"R00265","reaction","2-oxoglutarate:NADP+ 2-oxidoreductase (CoA-su...",0.0468861922416131
"R00271","reaction","acetyl-CoA:2-oxoglutarate C-acetyltransferase...",0.00978954697531426
"R00390","reaction","long-chain-fatty-acid:CoA ligase (AMP-forming...",0.00938958314494979
"R00391","reaction","acyl-CoA:acetyl-CoA C-acyltransferase",0.00958956506013197
"R00405","reaction","succinate:CoA ligase (ADP-forming)",0.00918960122976761
"R00410","reaction","succinyl-CoA:acetoacetate CoA-transferase",0.0224883985893842
"R00454","reaction","acetyl-CoA:L-lysine N6-acetyltransferase",0.00289017090152819
"R00521","reaction","formyl-CoA hydrolase",0.0495859480965729
"R00727","reaction","succinate:CoA ligase (IDP-forming)",0.031987539560539
"R00829","reaction","succinyl-CoA:acetyl-CoA C-acyltransferase",0.0130892485758206
"R00833","reaction","(R)-methylmalonyl-CoA CoA-carbonylmutase",0.0480860837327064
"R00908","reaction","beta-alanine:2-oxoglutarate aminotransferase",0.0181887874129668
"R00910","reaction","L-lysine:beta-alanine ligase (ADP-forming)",0.039886825210236
"R00911","reaction","beta-alanyl-L-lysine hydrolase",0.0441864363866534
"R00920","reaction","propanoate:CoA ligase (ADP-forming)",0.0404867709557826
"R00921","reaction","propanoyl-CoA:phosphate propanoyltransferase",0.0191886969888778
"R00925","reaction","propanoate:CoA ligase (AMP-forming)",0.025188154444344
"R00926","reaction","propionyladenylate:CoA propionyltransferase",0.015489031558007
"R00927","reaction","acetyl-CoA:propanoyl-CoA 2-C-acetyltransferas...",0.0155890225155981
"R01071","reaction","1-(5-phospho-D-ribosyl)-ATP:diphosphate phosp...",0.0317875576453567
"R01090","reaction","L-leucine:2-oxoglutarate aminotransferase",0.0153890406004159
"R01154","reaction","acetyl-CoA:putrescine N-acetyltransferase",0.0224883985893842
"R01155","reaction","putrescine:2-oxoglutarate aminotransferase",0.0117893661271363
"R01157","reaction","agmatine amidinohydrolase",0.0464862284112488
"R01174","reaction","butanoyl-CoA:phosphate butanoyltransferase",0.00488999005335024
"R01176","reaction","butanoate:CoA ligase (AMP-forming)",0.0135892033637761
"R01177","reaction","butanoyl-CoA:acetyl-CoA C-butanoyltransferase",0.0122893209150918
"R01204","reaction","acetyl-CoA:D-glucosamine N-acetyltransferase",0.013489212406185
"R01213","reaction","acetyl-CoA:3-methyl-2-oxobutanoate C-acetyltr...",0.0167889140066914
"R01214","reaction","L-valine:2-oxoglutarate aminotransferase",0.0177888235826025
"R01229","reaction","GMP:diphosphate 5-phospho-alpha-D-ribosyltran...",0.0401867980830093
"R01274","reaction","palmitoyl-CoA hydrolase",0.0122893209150918
"R01280","reaction","palmitate:CoA ligase (AMP-forming)",0.015489031558007
"R01357","reaction","acetoacetate:CoA ligase (AMP-forming)",0.0040900623926214
"R01358","reaction","acetoacetyl-CoA hydrolase",0.0132892304910028
"R01360","reaction","(S)-3-hydroxy-3-methylglutaryl-CoA acetoaceta...",0.0168889049642825
"R01365","reaction","butanoyl-CoA:acetoacetate CoA-transferase",0.016488941133918
"R01422","reaction","benzoate:CoA ligase (AMP-forming)",0.042886553937969
"R01461","reaction","acyl-CoA:cholesterol O-acyltransferase",0.0460862645808844
"R01558","reaction","oxalate:CoA ligase (AMP-forming)",0.0180887964553757
"R01613","reaction","malonyl-CoA:4-coumaroyl-CoA malonyltransferas...",0.0137891852789584
"R01615","reaction","4-hydroxycinnamyl aldehyde:NADP+ oxidoreducta...",0.0489860023510264
"R01616","reaction","4-coumarate:CoA ligase (AMP-forming)",0.03298744913645
"R01617","reaction","4-coumaroyl-CoA:agmatine N4-coumaroyltransfer...",0.00898961931458542
"R01620","reaction","acetyl-phosphate:L-lysine N6-acetyltransferas...",0.0362871507369563
"R01624","reaction","acetyl-CoA:[acyl-carrier-protein] S-acetyltra...",0.0354872230762275
"R01625","reaction","CoA:apo-[acyl-carrier-protein] pantetheinepho...",0.021288507098291
"R01651","reaction","4-methyl-2-oxopentanoate:NAD+ oxidoreductase ...",0.0431865268107424
"R01676","reaction","guanine aminohydrolase",0.0435864906411068
"R01923","reaction","palmitoyl-CoA:L-carnitine O-palmitoyltransfer...",0.0278879102993038
"R01939","reaction","L-2-aminoadipate:2-oxoglutarate aminotransfer...",0.0282878741296681
"R01969","reaction","deoxyguanosine:orthophosphate ribosyltransfer...",0.0444864092594267
"R01978","reaction","acetyl-CoA:acetoacetyl-CoA C-acetyltransferas...",0.0111894203815897
"R02058","reaction","acetyl-CoA:D-glucosamine-6-phosphate N-acetyl...",0.0407867438285559
"R02085","reaction","(S)-3-hydroxy-3-methylglutaryl-CoA hydro-lyas...",0.035887186906592
"R02193","reaction","coniferyl aldehyde:NADP+ oxidoreductase (CoA-...",0.0458862826657021
"R02194","reaction","ferulate:CoA ligase (AMP-forming)",0.00818969165385658
"R02199","reaction","L-isoleucine:2-oxoglutarate aminotransferase",0.0172888687946469
"R02255","reaction","trans-cinnamate:CoA ligase (AMP-forming)",0.0204885794375621
"R02274","reaction","5-aminopentanoate:2-oxoglutarate aminotransfe...",0.0494859571389818
"R02366","reaction","acyl-CoA:retinol O-acyltransferase",0.0386869337191427
"R02367","reaction","palmitoyl-CoA:retinol O-acyltransferase",0.0355872140338186
"R02397","reaction","4-trimethylammoniobutanoate,2-oxoglutarate:ox...",0.0439864544714713
"R02402","reaction","glutarate:CoA ligase (ADP-forming)",0.00059037887693276
"R02404","reaction","itaconate:CoA ligase (ADP-forming)",0.0291877927479881
"R02416","reaction","4-coumaroyl-CoA:shikimate O-(hydroxycinnamoyl...",0.0219884438014287
"R02571","reaction","glutaryl-CoA:enzyme-N6-(dihydrolipoyl)lysine ...",0.0445864002170178
"R02662","reaction","2-methylpropanoyl-CoA:enzyme N6-(dihydrolipoy...",0.0415866714892847
"R02663","reaction","2-Methylpropanoyl-CoA <=> Branched chain fatt...",0.0184887602857401
"R02699","reaction","4-hydroxyphenylacetate:CoA ligase (AMP-formin...",0.0449863640473823
"R02749","reaction","2-deoxy-D-ribose 1-phosphate 1,5-phosphomutas...",0.0426865720227868
"R02764","reaction","(S)-methylmalonyl-CoA hydrolase",0.031987539560539
"R02794","reaction","cholate:CoA ligase (AMP-forming)",0.0201886065647889
"R02986","reaction","2-furoate:CoA ligase (AMP-forming)",0.0215884799710643
"R03064","reaction","acetyl-CoA:deacetylcephalosporin-C O-acetyltr...",0.0223884076317931
"R03158","reaction","3-Hydroxypropanoate + CoA <=> 3-Hydroxypropio...",0.0145891129396871
"R03168","reaction","acetyl-CoA:N6-hydroxy-L-lysine 6-acetyltransf...",0.00439003526539467
"R03172","reaction","(S)-2-methylbutanoyl-CoA:acceptor 2,3-oxidore...",0.04388646351388
"R03174","reaction","(S)-2-methylbutanoyl-CoA:enzyme N6-(dihydroli...",0.0289878108328059
"R03175","reaction","(S)-2-Methylbutanoyl-CoA <=> Branched chain f...",0.0135892033637761
"R03230","reaction","acetyl-CoA:17-O-deacetylvindoline 17-O-acetyl...",0.00638985441721672
"R03283","reaction","4-trimethylammoniobutanal:NAD+ 1-oxidoreducta...",0.046786201284022
"R03383","reaction","methylmalonate:CoA ligase (AMP-forming)",0.0142891400669138
"R03455","reaction","acetyl-CoA:1-alkyl-sn-glycero-3-phosphate 2-O...",0.0336873858395876
"R03658","reaction","L-lysine:tRNALys ligase (AMP-forming)",0.0450863550049734
"R03695","reaction","Mesaconate + CoA <=> 2-Methylfumaryl-CoA + H2...",0.0237882810380686
"R03719","reaction","3alpha,7alpha,12alpha-trihydroxy-5beta-cholan...",0.0165889320915091
"R03762","reaction","biotin:CoA ligase (AMP-forming)",0.016388950176327
"R03778","reaction","octanoyl-CoA:acetyl-CoA C-acyltransferase",0.0145891129396871
"R03858","reaction","lauroyl-CoA:acetyl-CoA C-acyltransferase",0.0140891581517316
"R03932","reaction","4-chlorobenzoate:CoA ligase",0.0405867619133737
"R03974","reaction","chenodeoxycholoyl-CoA hydrolase",0.00958956506013197
"R03991","reaction","myristoyl-CoA:acetylCoA C-myristoyltransferas...",0.014489121982096
"R04029","reaction","N6-acetyl-L-lysine:2-oxoglutarate aminotransf...",0.0297877384935346
"R04051","reaction","3-Phosphonopyruvate + L-Glutamate <=> 2-Amino...",0.0479860927751153
"R04068","reaction","imidazole-4-acetate:5-phosphoribosyl-diphosph...",0.0433865087259246
"R04097","reaction","3-methylbutanoyl-CoA:enzyme N6-(dihydrolipoyl...",0.024288235826024
"R04098","reaction","3-Methylbutanoyl-CoA <=> Branched chain fatty...",0.0116893751695452
"R04147","reaction","Isopenicillin N <=> Penicillin N",0.0318875486029479
"R04254","reaction","n (R)-3-Hydroxybutanoyl-CoA <=> Poly-beta-hyd...",0.0146891038972782
"R04364","reaction","acetyl-CoA:L-2,3,4,5-tetrahydrodipicolinate N...",0.00718978207794556
"R04365","reaction","succinyl-CoA:2,3,4,5-tetrahydropyridine-2,6-d...",0.00718978207794556
"R04438","reaction","dTDP-4-amino-4,6-dideoxy-D-galactose:2-oxoglu...",0.0375870331856406
"R04467","reaction","N6-Acetyl-LL-2,6-diaminoheptanedioate + 2-Oxo...",0.042886553937969
"R04475","reaction","N-succinyl-L-2,6-diaminoheptanedioate:2-oxogl...",0.0417866534044669
"R04723","reaction","acetyl-CoA:salutaridinol 7-O-acetyltransferas...",0.02028859752238
"R04742","reaction","decanoyl-CoA:acetyl-CoA C-acyltransferase",0.014489121982096
"R04747","reaction","hexanoyl-CoA:acetyl-CoA C-acyltransferase",0.0132892304910028
"R04776","reaction","phenylacetyl-CoA:L-glutamine alpha-N-phenylac...",0.0268880007233928
"R04811","reaction","propanoyl-CoA:acetyl-CoA C-acyltransferase",0.0146891038972782
"R05063","reaction","2-Propylmalate + CoA <=> 2-Oxopentanoic acid ...",0.0205885703951532
"R05064","reaction","(S)-3-hydroxyisobutyryl-CoA hydrolase",0.0190887060312868
"R05129","reaction","Piperideine + Acetoacetyl-CoA + H2O <=> Pelle...",0.0161889682611448
"R05130","reaction","Piperideine + Pelletierine <=> L-(+)-Anaferin...",0.0301877023238991
"R05332","reaction","acetyl-CoA:D-glucosamine-1-phosphate N-acetyl...",0.0107894565512253
"R05451","reaction","2,4-dichlorobenzoate:CoA ligase",0.0324874943484944
"R05586","reaction","3-Oxopimeloyl-CoA + CoA <=> Glutaryl-CoA + Ac...",0.00908961027217652
"R05587","reaction","(S)-2-Benzoylsuccinyl-CoA + CoA <=> Benzoyl-C...",0.00888962835699433
"R05620","reaction","Cyclohexane-1-carboxylate + CoA + ATP <=> Cyc...",0.00888962835699433
"R05858","reaction","Vindoline + Catharanthine <=> 3',4'-Anhydrovi...",0.00638985441721672
"R05859","reaction","3',4'-Anhydrovinblastine <=> Vinblastine",0.00638985441721672
"R05860","reaction","Vinblastine <=> Vincristine",0.00638985441721672
"R05918","reaction","G00144 + Palmitoyl-CoA <=> G00145 + CoA",0.0469861831992043
"R06310","reaction","benzoyl-CoA:taxan-2alpha-ol O-benzoyltransfer...",0.00838967356903877
"R06311","reaction","acetyl-CoA:taxan-10beta-ol O-transferase",0.00698980016276338
"R06318","reaction","Taxa-4(20),11(12)-dien-5alpha,13alpha-diol <=...",0.0367871055249118
"R06361","reaction","acyl-CoA:isopenicillin N N-acyltransferase",0.0103894927208608
"R06423","reaction","dTDP-3-amino-3,6-dideoxy-alpha-D-glucopyranos...",0.0463862374536577
"R06527","reaction","acyl-CoA: phytosphingosine N-acyltransferase",0.0331874310516322
"R06583","reaction","4-coumarate:CoA ligase (AMP-forming)",0.023288326250113
"R06584","reaction","Feruloyl-CoA <=> 5-Hydroxyferuloyl-CoA",0.0471861651143865
"R06944","reaction","Adipate + CoA + ATP <=> Adipyl-CoA + AMP + Di...",0.0233883172077041
"R06977","reaction","L-2,4-diaminobutyrate:2-oxoglutarate 4-aminot...",0.0356872049914097
"R06978","reaction","acetyl-CoA:L-2,4-diaminobutanoate N4-acetyltr...",0.0282878741296681
"R07296","reaction","choloyl-CoA hydrolase",0.0176888326250113
"R07414","reaction","glutamate putrescine ligase",0.016488941133918
"R07433","reaction","5-O-caffeoylshikimic acid:shikimate hydroxyci...",0.0472861560719776
"R07436","reaction","p-coumaroyl-CoA:caffeoyl-CoA 3-hydroxylase",0.0292877837055792
"R07758","reaction","Malonyl-CoA + Palmitoyl-CoA <=> 3-Oxostearoyl...",0.0333874129668144
"R07815","reaction","acetyl-CoA:heparan-alpha-D-glucosaminide N-ac...",0.010589474636043
"R07887","reaction","ATP + (9S,13S,15Z)-12-Oxo-10,11-dihydrophyto-...",0.01938867890406
"R07891","reaction","OPC6-CoA + Acetyl-CoA <=> CoA + 3-Oxo-OPC8-Co...",0.0150890677276427
"R07895","reaction","OPC4-CoA + Acetyl-CoA <=> CoA + 3-Oxo-OPC6-Co...",0.0150890677276427
"R07899","reaction","(+)-7-Isojasmonic acid CoA + Acetyl-CoA <=> C...",0.0123893118726829
"R07902","reaction","(+)-7-Isojasmonic acid CoA + H2O <=> CoA + (+...",0.0150890677276427
"R07937","reaction","(4Z,7Z,10Z,13Z,16Z,19Z)-docosahexaenoyl-CoA:a...",0.0127892757030473
"R07953","reaction","(4Z,7Z,10Z,13Z,16Z)-docosapentaenoyl-CoA:acet...",0.0128892666606384
"R07988","reaction","malonyl-CoA:caffeoyl-CoA malonyltransferase (...",0.0243882267836151
"R08171","reaction","benzoyl-CoA:3'-N-debenzoyltaxol 3'-N-benzoylt...",0.00838967356903877
"R08172","reaction","(3R)-3-amino-3-phenylpropanoyl-CoA:baccatin I...",0.00498998101094133
"R08174","reaction","stearoyl-CoA hydrolase",0.0314875847725834
"R08175","reaction","icosanoyl-CoA hydrolase",0.0158889953883715
"R08176","reaction","oleoyl-CoA hydrolase",0.0417866534044669
"R08177","reaction","linoleoyl-CoA hydrolase",0.0426865720227868
"R08178","reaction","(9Z,12Z,15Z)-Octadecatrienoyl-CoA + H2O <=> C...",0.0403867799981915
"R08179","reaction","(5Z,8Z,11Z,14Z,17Z)-icosapentaenoyl-CoA hydro...",0.0240882539108419
"R08180","reaction","(4Z,7Z,10Z,13Z,16Z,19Z)-Docosahexaenoyl-CoA +...",0.0150890677276427
"R08181","reaction","gamma-Linolenoyl-CoA + H2O <=> CoA + (6Z,9Z,1...",0.0260880730626639
"R08182","reaction","8,11,14-Eicosatrienoyl-CoA + H2O <=> CoA + Di...",0.0270879826385749
"R08184","reaction","Docosanoyl-CoA + H2O <=> CoA + Docosanoic aci...",0.0158889953883715
"R08185","reaction","Tetracosanoyl-CoA + H2O <=> CoA + Tetracosano...",0.0158889953883715
"R08186","reaction","Icosenoyl-CoA + H2O <=> CoA + Icosenoic acid",0.0240882539108419
"R08187","reaction","Docosenoyl-CoA + H2O <=> CoA + Erucic acid",0.0158889953883715
"R08188","reaction","Tetracosenoyl-CoA + H2O <=> CoA + (15Z)-Tetra...",0.0158889953883715
"R08189","reaction","(7Z,10Z,13Z,16Z,19Z)-Docosapentaenoyl-CoA + H...",0.0158889953883715
"R08190","reaction","(11Z,14Z)-Icosadienoyl-CoA + H2O <=> CoA + Ic...",0.0238882719956597
"R08191","reaction","(7Z,10Z,13Z,16Z)-Docosatetraenoyl-CoA + H2O <...",0.0158889953883715
"R08192","reaction","(11Z,14Z,17Z)-Icosatrienoyl-CoA + H2O <=> CoA...",0.0240882539108419
"R08230","reaction","5-fluorodeoxyuridine:phosphate deoxy-alpha-D-...",0.0482860656478886
"R08248","reaction","acetyl-CoA: isoniazid N-acetyltransferase",0.0147890948548694
"R08250","reaction","acetyl-CoA:acetylhydrazine N-acetyltransferas...",0.0133892214485939
"R08273","reaction","(13Z,16Z)-Docosadienoyl-CoA + H2O <=> CoA + (...",0.0158889953883715
"R08331","reaction","acetyl-CoA:2-oxoadipate C-acetyltransferase (...",0.0228883624197487
"R08332","reaction","acetyl-CoA:2-oxopimelate C-acetyltransferase ...",0.046786201284022
"R08381","reaction","palmitoyl-CoA:retinol O-acyltransferase",0.0419866353196492
"R08566","reaction","4-methyl-2-oxopentanoate:ferredoxin oxidoredu...",0.0355872140338186
"R08733","reaction","3alpha,7alpha,12alpha-trihydroxy-5beta-choles...",0.0162889592187359
"R08734","reaction","3alpha,7alpha,12alpha-trihydroxy-5beta-choles...",0.0185887512433312
"R08738","reaction","3alpha,7alpha-dihydroxy-5beta-cholestanate:Co...",0.0065898363323989
"R08739","reaction","3alpha,7alpha-dihydroxy-5beta-cholestanoyl-Co...",0.0165889320915091
"R08743","reaction","chenodeoxycholate:CoA ligase (AMP-forming)",0.0141891491093227
"R08870","reaction","acetyl-CoA:phosphinopyruvate C-acetyltransfer...",0.035887186906592
"R09255","reaction","feruloyl-CoA:agmatine feruloyltransferase",0.0092895921873587
"R09256","reaction","4-coumaroyl-CoA:putrescine N4-coumaroyltransf...",0.0311876118998101
"R09257","reaction","feruloyl-CoA:putrescine feruloyltransferase",0.0311876118998101
"R09258","reaction","8 Malonyl-CoA + Acyl-carrier protein <=> 3,5,...",0.0456863007505199
"R09279","reaction","4-hydroxybutanoate:CoA ligase (AMP-forming)",0.0165889320915091
"R09286","reaction","3-hydroxypropionate:CoA ligase (AMP-forming)",0.017388859752238
"R09450","reaction","long-chain fatty-acyl-CoA hydrolase",0.012589293787865
"R09600","reaction","2,3-diacetamido-2,3-dideoxy-alpha-D-glucurona...",0.0376870241432317
"R09631","reaction","acetyl-CoA:(3Z)-hex-3-en-1-ol acetyltransfera...",0.0166889230491002
"R09778","reaction","LysW-gamma-L-lysine:2-oxoglutarate 6-aminotra...",0.0481860746902975
"R09825","reaction","UDP-4-amino-4,6-dideoxy-N-acetyl-beta-L-altro...",0.0409867257437382
"R09839","reaction","2,3-didehydroadipoyl-CoA:acetyl-CoA C-didehyd...",0.0253881363595262
"R09842","reaction","acetyl-CoA:UDP-4-amino-4,6-dideoxy-N-acetyl-b...",0.00429004430780358
"R09873","reaction","acetyl-CoA:dTDP-3-amino-3,6-dideoxy-alpha-D-g...",0.0116893751695452
"R10010","reaction","L-lysine carboxy-aminomethylmutase",0.0256881092322994
"R10011","reaction","L-Lysine + (2R,3R)-3-Methylornithine + ATP <=...",0.0308876390270368
"R10099","reaction","acetyl-CoA:UDP-4-amino-4,6-dideoxy-N-acetyl-a...",0.00908961027217652
"R10100","reaction","acetyl-CoA:UDP-2-acetamido-3-amino-2,3-dideox...",0.00379008951984812
"R10141","reaction","UDP-2-acetamido-3-amino-2,3-dideoxy-alpha-D-g...",0.0426865720227868
"R10142","reaction","acetyl-CoA:dTDP-4-amino-4,6-dideoxy-alpha-D-g...",0.00309015281671037
"R10171","reaction","malonyl-CoA:hexanoyl-CoA malonyltransferase (...",0.0189887150736957
"R10174","reaction","acetyl-CoA:dTDP-4-amino-4,6-dideoxy-alpha-D-g...",0.0196886517768333
"R10200","reaction","acetyl-CoA:fumigaclavine B O-acetyltransferas...",0.0128892666606384
"R10210","reaction","2-Oxoglutaryl-CoA + H2O <=> 2-Oxoglutarate + ...",0.00339012568948365
"R10219","reaction","Acetyl-CoA + Tetrahydrosarcinapterin <=> CoA ...",0.0226883805045664
"R10278","reaction","3,5,7-trioxododecanoyl-CoA CoA-lyase (2,4-dih...",0.0137891852789584
"R10485","reaction","malonyl-CoA:(S)-1-pyrroline-5-carboxylate mal...",0.0488860113934352
"R10514","reaction","acetyl-CoA:GDP-4-amino-4,6-dideoxy-alpha-D-ma...",0.00548993579889679
"R10564","reaction","(5S)-5-amino-3-oxohexanoate:acetyl-CoA ethyla...",0.0412866986165114
"R10707","reaction","acetyl-CoA:malonyl-[acyl-carrier protein] C-a...",0.0286878379600325
"R10758","reaction","4-hydroxybutanoate:CoA ligase (ADP-forming)",0.0288878198752148
"R10759","reaction","3-Hydroxyisovaleryl-CoA <=> 3-Hydroxyisovaler...",0.0227883714621576
"R10769","reaction","3-[(3aS,4S,7aS)-7a-methyl-1,5-dioxo-octahydro...",0.0277879193417126
"R10771","reaction","2-hydroxy-7-methoxy-5-methyl-1-naphthoate:CoA...",0.0411867076589204
"R10820","reaction","3-(methylthio)propanoate:CoA ligase (AMP-form...",0.0396868432950538
"R10825","reaction","very-long-chain acyl-CoA:malonyl-CoA C-acyltr...",0.0216884709286553
"R11370","reaction","6-methylsalicylate:CoA ligase (AMP-forming)",0.040886734786147
"R11388","reaction","3,6,7,8-Tetrahydroxy-2-naphthoate <=> 3-Hydro...",0.0320875305181301
"R11389","reaction","3-Hydroxy-6,7,8-trimethoxy-2-naphthoate <=> 3...",0.00848966452662986
"R11390","reaction","3-Hydroxy-7,8-dimethoxy-6-isopropoxy-2-naphth...",0.00498998101094133
"R11516","reaction","malonyl-CoA:malonamoyl-[acyl-carrier protein]...",0.027187973596166
"R11689","reaction","acetyl-CoA:(13S,14R)-1,13-dihydroxy-N-methylc...",0.0169888959218736
"R11708","reaction","acetyl-CoA:3-phosphonopyruvate C-acetyltransf...",0.016488941133918
"R11902","reaction","acetyl-CoA:hydrazine N-acetyltransferase",0.0286878379600325
"R12039","reaction","acyl-CoA:phosphatidyl-myo-inositol-monomannos...",0.0189887150736957
"R12042","reaction","acyl-CoA:phosphatidyl-myo-inositol-dimannosid...",0.0189887150736957
"R12049","reaction","Anthraniloyl-CoA + 2 Malonyl-CoA <=> 2-Methyl...",0.013489212406185
"R12242","reaction","acetyl-CoA:alpha-D-galactosamine-1-phosphate ...",0.00918960122976761
"R12300","reaction","malonate:CoA ligase (AMP-forming)",0.0108894475088164
"R12312","reaction","2-[(L-alanin-3-ylcarbamoyl)methyl]-3-(2-amino...",0.0291877927479881
"R12452","reaction","methylphosphonate,2-oxoglutarate:oxygen oxido...",0.045786291708111
"R12549","reaction","Acetyl-CoA + dTDP-3-amino-3,6-dideoxy-D-gluco...",0.00808970069626549
"R12561","reaction","UDP-4-amino-4,6-dideoxy-N-acetyl-beta-L-idosa...",0.00349011664707474
"R12563","reaction","UDP-2,4-diacetamido-2,4,6-trideoxy-beta-L-ido...",0.0325874853060855
"R12606","reaction","UDP-2-acetamido-2,6-dideoxy-beta-L-arabino-he...",0.0381869789311873
"R12701","reaction","Heptaprenylglycerol + 2 Acetyl-CoA <=> Diacet...",0.0288878198752148
"R12993","reaction","2 p-Coumaroylagmatine <=> Hordatine A",0.00898961931458542
"R12994","reaction","2 Feruloylagmatine <=> Hordatine B",0.0092895921873587
"R13030","reaction","Sulfoacetate + CoA + ATP <=> Sulfoacetyl-CoA ...",0.0323875033909033
"R13035","reaction","Glutarate + Succinyl-CoA <=> Glutaryl-CoA + S...",0.0284878560448503
"R13257","reaction","long-chain-acyl-CoA:malonyl-[acyl-carrier pro...",0.0470861741567954
"R13275","reaction","Meromycoloyl-[acp Pks13] + Very-long-chain al...",0.0380869879735962
"R13299","reaction","succinyl-CoA---cyclohexane-1-carboxylate CoA-...",0.0181887874129668
"C00010","compound","CoA",0.00558992675648788
"C00017","compound","Protein",0.012489302830274
"C00024","compound","Acetyl-CoA",0.0352872411610453
"C00026","compound","2-Oxoglutarate",0.0317875576453567
"C00047","compound","L-Lysine",0.0299877204087169
"C00091","compound","Succinyl-CoA",0.0456863007505199
"C00123","compound","L-Leucine",0.021288507098291
"C00134","compound","Putrescine",0.0490859933086175
"C00136","compound","Butanoyl-CoA",0.0205885703951532
"C00164","compound","Acetoacetate",0.0277879193417126
"C00179","compound","Agmatine",0.034987268288272
"C00223","compound","p-Coumaroyl-CoA",0.020388588479971
"C00249","compound","Hexadecanoic acid",0.0417866534044669
"C00264","compound","3-Oxoacyl-CoA",0.0158889953883715
"C00313","compound","Oxalyl-CoA",0.048686029478253
"C00318","compound","L-Carnitine",0.0248881815715707
"C00332","compound","Acetoacetyl-CoA",0.0139891671941405
"C00356","compound","(S)-3-Hydroxy-3-methylglutaryl-CoA",0.0244882177412062
"C00395","compound","Penicillin",0.0103894927208608
"C00406","compound","Feruloyl-CoA",0.0291877927479881
"C00407","compound","L-Isoleucine",0.0341873406275432
"C00487","compound","Carnitine",0.0205885703951532
"C00489","compound","Glutarate",0.0156890134731892
"C00512","compound","Benzoyl-CoA",0.0374870422280495
"C00527","compound","Glutaryl-CoA",0.0127892757030473
"C00540","compound","Cinnamoyl-CoA",0.0231883352925219
"C00638","compound","Long-chain fatty acid",0.0250881634867529
"C00672","compound","2-Deoxy-D-ribose 1-phosphate",0.0331874310516322
"C00804","compound","Propynoate",0.0485860385206619
"C00845","compound","2-Furoyl-CoA",0.0350872592458631
"C01028","compound","N6-Hydroxy-L-lysine",0.013489212406185
"C01091","compound","Deacetylvindoline",0.00978954697531426
"C01530","compound","Octadecanoic acid",0.0441864363866534
"C01626","compound","Vindoline",0.00638985441721672
"C01646","compound","tRNA(Lys)",0.0450863550049734
"C01794","compound","Choloyl-CoA",0.0308876390270368
"C01894","compound","Biotinyl-CoA",0.016388950176327
"C01931","compound","L-Lysyl-tRNA",0.0450863550049734
"C02041","compound","Eicosanoyl-CoA",0.0158889953883715
"C02247","compound","Anthraniloyl-CoA",0.0281878831720771
"C02504","compound","alpha-Isopropylmalate",0.0447863821322
"C02527","compound","Butanoylphosphate",0.022288416674202
"C02528","compound","Chenodeoxycholate",0.00638985441721672
"C02588","compound","Retinyl palmitate",0.0429865448955602
"C02657","compound","6-Methylsalicylate",0.0216884709286553
"C02727","compound","N6-Acetyl-L-lysine",0.0141891491093227
"C02739","compound","1-(5-Phospho-D-ribosyl)-ATP",0.0405867619133737
"C02843","compound","Long-chain acyl-CoA",0.0229883533773398
"C02939","compound","3-Methylbutanoyl-CoA",0.0192886879464689
"C02990","compound","L-Palmitoylcarnitine",0.0278879102993038
"C03069","compound","3-Methylcrotonyl-CoA",0.0148890858124605
"C03242","compound","Dihomo-gamma-linolenate",0.0270879826385749
"C03688","compound","Apo-[acyl-carrier protein]",0.0385869427615517
"C03955","compound","N6-Acetyl-N6-hydroxy-L-lysine",0.0213884980558821
"C04346","compound","dTDP-4-amino-4,6-dideoxy-D-galactose",0.00488999005335024
"C04421","compound","N-Succinyl-LL-2,6-diaminoheptanedioate",0.0459862736232933
"C04462","compound","N-Succinyl-2-L-amino-6-oxoheptanedioate",0.0156890134731892
"C04498","compound","p-Coumaroylagmatine",0.00898961931458542
"C04554","compound","3alpha,7alpha-Dihydroxy-5beta-cholestanate",0.0265880278506194
"C04722","compound","3alpha,7alpha,12alpha-Trihydroxy-5beta-choles...",0.0479860927751153
"C05259","compound","3-Oxopalmitoyl-CoA",0.0455863097929288
"C05261","compound","3-Oxotetradecanoyl-CoA",0.0405867619133737
"C05263","compound","3-Oxododecanoyl-CoA",0.0475861289447509
"C05265","compound","3-Oxodecanoyl-CoA",0.0378870060584139
"C05267","compound","3-Oxooctanoyl-CoA",0.0425865810651957
"C05270","compound","Hexanoyl-CoA",0.0382869698887784
"C05337","compound","Chenodeoxycholoyl-CoA",0.00628986345962563
"C05338","compound","4-Hydroxyphenylacetyl-CoA",0.0292877837055792
"C05341","compound","beta-Alanyl-L-lysine",0.0413866895741025
"C05539","compound","N-Acetyl-L-2-amino-6-oxopimelate",0.0149890767700516
"C05557","compound","Isopenicillin N",0.03298744913645
"C05595","compound","4-Hydroxyphenylacetylglutamic acid",0.0268880007233928
"C05668","compound","3-Hydroxypropionyl-CoA",0.0471861651143865
"C05672","compound","2-Amino-3-phosphonopropanoate",0.0479860927751153
"C05983","compound","Propionyladenylate",0.0258880911474817
"C05994","compound","2-Propylmalate",0.0205885703951532
"C05996","compound","Branched chain fatty acid",0.012489302830274
"C05998","compound","3-Hydroxyisovaleryl-CoA",0.0403867799981915
"C06000","compound","(S)-3-Hydroxyisobutyryl-CoA",0.040886734786147
"C06018","compound","dTDP-4-acetamido-4,6-dideoxy-D-glucose",0.0196886517768333
"C06104","compound","Adipate",0.0392868794646894
"C06143","compound","Poly-beta-hydroxybutyrate",0.0348872773306809
"C06181","compound","Piperideine",0.0415866714892847
"C06182","compound","Pelletierine",0.0209885342255177
"C06183","compound","L-(+)-Anaferine",0.0301877023238991
"C06255","compound","2-Oxopentanoic acid",0.0205885703951532
"C06425","compound","Icosanoic acid",0.0158889953883715
"C06428","compound","(5Z,8Z,11Z,14Z,17Z)-Icosapentaenoic acid",0.0240882539108419
"C06429","compound","(4Z,7Z,10Z,13Z,16Z,19Z)-Docosahexaenoic acid",0.0150890677276427
"C06561","compound","Naringenin chalcone",0.0233883172077041
"C06564","compound","Penicillin N",0.0432865177683335
"C06656","compound","Deoxyguanidinoproclavaminic acid",0.0207885523103355
"C06670","compound","2,4-Dichlorobenzoate",0.0324874943484944
"C06715","compound","3-Oxopimeloyl-CoA",0.0405867619133737
"C07201","compound","Vinblastine",0.00638985441721672
"C07204","compound","Vincristine",0.00638985441721672
"C07305","compound","Products of ATP breakdown",0.0308876390270368
"C07394","compound","Paclitaxel",0.00838967356903877
"C07585","compound","N-Acetylisoniazid",0.0344873135003165
"C08281","compound","Docosanoic acid",0.0158889953883715
"C08307","compound","Hordatine A",0.00898961931458542
"C08308","compound","Hordatine B",0.0092895921873587
"C08316","compound","Erucic acid",0.0158889953883715
"C08320","compound","Tetracosanoic acid",0.0158889953883715
"C08323","compound","(15Z)-Tetracosenoic acid",0.0158889953883715
"C09107","compound","Catharanthine",0.00638985441721672
"C09822","compound","Cyclohexane-1-carboxylate",0.00259019802875481
"C09823","compound","Cyclohexane-1-carbonyl-CoA",0.013489212406185
"C10497","compound","Feruloylputrescine",0.0311876118998101
"C11062","compound","4-Hydroxybutyryl-CoA",0.0243882267836151
"C11641","compound","3',4'-Anhydrovinblastine",0.00638985441721672
"C11700","compound","10-Deacetylbaccatin III",0.00648984537480781
"C11736","compound","5-Fluorodeoxyuridine",0.0490859933086175
"C11899","compound","10-Deacetyl-2-debenzoylbaccatin III",0.0133892214485939
"C11900","compound","Baccatin III",0.00568991771407908
"C12146","compound","C26-CoA",0.0331874310516322
"C14143","compound","Adipyl-CoA",0.0380869879735962
"C15525","compound","Eriodictyol chalcone",0.0355872140338186
"C15613","compound","(25R)-3alpha,7alpha,12alpha-Trihydroxy-5beta-...",0.00748975495071883
"C15699","compound","gamma-L-Glutamylputrescine",0.0417866534044669
"C15980","compound","(S)-2-Methylbutanoyl-CoA",0.0237882810380686
"C16166","compound","(7Z,10Z,13Z,16Z,19Z)-Docosapentaenoyl-CoA",0.0158889953883715
"C16169","compound","(4Z,7Z,10Z,13Z,16Z,19Z)-Docosahexaenoyl-CoA",0.0131892395334117
"C16170","compound","(7Z,10Z,13Z,16Z)-Docosatetraenoyl-CoA",0.0158889953883715
"C16173","compound","(4Z,7Z,10Z,13Z,16Z)-Docosapentaenoyl-CoA",0.0128892666606384
"C16317","compound","(+)-7-Isojasmonic acid",0.0150890677276427
"C16327","compound","OPC8-CoA",0.03298744913645
"C16330","compound","3-Oxo-OPC8-CoA",0.0466862103264309
"C16331","compound","OPC6-CoA",0.0432865177683335
"C16334","compound","3-Oxo-OPC6-CoA",0.0466862103264309
"C16335","compound","OPC4-CoA",0.0432865177683335
"C16338","compound","3-Oxo-OPC4-CoA",0.0399868161678272
"C16339","compound","(+)-7-Isojasmonic acid CoA",0.0131892395334117
"C16376","compound","(6Z,9Z,12Z,15Z,18Z,21Z)-3-Oxotetracosahexaeno...",0.0444864092594267
"C16389","compound","(6Z,9Z,12Z,15Z,18Z)-3-Oxotetracosapentaenoyl-...",0.0436864815986979
"C16513","compound","(7Z,10Z,13Z,16Z,19Z)-Docosapentaenoic acid",0.0158889953883715
"C16522","compound","Icosatrienoic acid",0.0240882539108419
"C16523","compound","3'-N-Debenzoyl-2'-deoxytaxol",0.012589293787865
"C16524","compound","3'-N-Debenzoyltaxol",0.0153890406004159
"C16525","compound","Icosadienoic acid",0.0238882719956597
"C16526","compound","Icosenoic acid",0.0240882539108419
"C16527","compound","Adrenic acid",0.0158889953883715
"C16528","compound","Docosanoyl-CoA",0.0158889953883715
"C16529","compound","Tetracosanoyl-CoA",0.0158889953883715
"C16531","compound","Docosenoyl-CoA",0.0158889953883715
"C16532","compound","Tetracosenoyl-CoA",0.0158889953883715
"C16533","compound","(13Z,16Z)-Docosadienoic acid",0.0158889953883715
"C16622","compound","N,N'-Diacetylhydrazine",0.0133892214485939
"C16645","compound","(13Z,16Z)-Docosadienoyl-CoA",0.0158889953883715
"C16833","compound","beta-Phenylalanoyl-CoA",0.00498998101094133
"C17343","compound","(25S)-3alpha,7alpha,12alpha-Trihydroxy-5beta-...",0.0395868523374627
"C17345","compound","(25R)-3alpha,7alpha-Dihydroxy-5beta-cholestan...",0.00488999005335024
"C17346","compound","(25S)-3alpha,7alpha-Dihydroxy-5beta-cholestan...",0.0374870422280495
"C17366","compound","(2S,5S)-trans-Carboxymethylproline",0.0269879916809838
"C17367","compound","(3S,5S)-Carbapenam-3-carboxylic acid",0.0234883081652952
"C18060","compound","N-Acetyl-alpha-D-galactosamine 1-phosphate",0.0281878831720771
"C18325","compound","Feruloylagmatine",0.0092895921873587
"C18326","compound","p-Coumaroylputrescine",0.0311876118998101
"C19685","compound","Sulfoacetyl-CoA",0.0479860927751153
"C19725","compound","UDP-2,3-diacetamido-2,3-dideoxy-alpha-D-glucu...",0.00818969165385658
"C19757","compound","(3Z)-Hex-3-en-1-yl acetate",0.0166889230491002
"C19961","compound","UDP-4-amino-4,6-dideoxy-N-acetyl-beta-L-altro...",0.00848966452662986
"C19971","compound","UDP-2,4-bis(acetamido)-2,4,6-trideoxy-beta-L-...",0.0247881906139796
"C20156","compound","dTDP-3-acetamido-3,6-dideoxy-alpha-D-galactop...",0.0116893751695452
"C20277","compound","(2R,3R)-3-Methylornithine",0.0245882086987973
"C20357","compound","UDP-N,N'-diacetylbacillosamine",0.0387869246767338
"C20359","compound","UDP-2-acetamido-3-amino-2,3-dideoxy-alpha-D-g...",0.00828968261144768
"C20413","compound","3,5,7-Trioxododecanoyl-CoA",0.014489121982096
"C20415","compound","dTDP-4-acetamido-4,6-dideoxy-alpha-D-galactos...",0.00309015281671037
"C20436","compound","Fumigaclavine A",0.0483860566054797
"C20437","compound","Fumigaclavine B",0.0216884709286553
"C20447","compound","2-Oxoglutaryl-CoA",0.0139891671941405
"C20638","compound","GDP-4-amino-4,6-dideoxy-alpha-D-mannose",0.0263880459354372
"C20672","compound","GDP-4-acetamido-4,6-dideoxy-alpha-D-mannose",0.00548993579889679
"C20827","compound","3-Hydroxyisovalerate",0.0227883714621576
"C20838","compound","3-[(3aS,4S,7aS)-7a-Methyl-1,5-dioxo-octahydro...",0.0277879193417126
"C20842","compound","2-Hydroxy-7-methoxy-5-methyl-1-naphthoyl-CoA",0.0411867076589204
"C21072","compound","Palmitoleoyl-CoA",0.0461862555384755
"C21322","compound","3-Hydroxy-6,7,8-trimethoxy-2-naphthoate",0.0129892576182295
"C21323","compound","3-Hydroxy-7,8-dimethoxy-6-isopropoxy-2-naphth...",0.00558992675648788
"C21324","compound","3-Hydroxy-7,8-dimethoxy-6-isopropoxy-2-naphth...",0.00498998101094133
"C21430","compound","Malonamoyl-[acyl-carrier protein]",0.027187973596166
"C21873","compound","2-Methylquinolin-4-ol",0.027187973596166
"C22029","compound","alpha-D-Galactosamine 1-phosphate",0.0249881725291618
"C22075","compound","Staphyloferrin B",0.0291877927479881
"C22252","compound","UDP-2,4-diacetamido-2,4,6-trideoxy-beta-L-ido...",0.00698980016276338
"C22257","compound","dTDP-3-acetamido-3,6-dideoxy-alpha-D-glucose",0.00808970069626549
"C22276","compound","UDP-4-amino-4,6-dideoxy-N-acetyl-beta-L-idosa...",0.00648984537480781
"C22342","compound","Diacetylheptaprenylglycerol",0.0288878198752148
"C22874","compound","Meromycoloyl-[acp Pks13]",0.0470861741567954
